{
  "Retrieval Rounds": 1.0,
  "Context Budget": 615.4853249475891,
  "Recall@5": 0.1779350104821803,
  "Precision@5": 0.04067085953878407,
  "F1@5": 0.06496871984293369,
  "PoolRecall@40": 0.4274458420684836
}